Project,User,Usage,Allocation,Status
gb02,ab4502,112.6,10.0,Usage exceeds allocation by 102.6
gb02,ab8992,521.6,200.0,Usage exceeds allocation by 321.6
gb02,ad0579,6.1,10.0,Within the 10.0 KSU allocation per quarter
gb02,ad1803,12.7,10.0,Usage exceeds allocation by 2.7
gb02,ak2642,4.9,10.0,Within the 10.0 KSU allocation per quarter
gb02,as8561,8.4,10.0,Within the 10.0 KSU allocation per quarter
gb02,bw6466,0.0,10.0,Within the 10.0 KSU allocation per quarter
gb02,dh3280,2.4,10.0,Within the 10.0 KSU allocation per quarter
gb02,dl6968,0.3,10.0,Within the 10.0 KSU allocation per quarter
gb02,eb4149,0.0,10.0,Within the 10.0 KSU allocation per quarter
gb02,ef1645,1.7,10.0,Within the 10.0 KSU allocation per quarter
gb02,fbd581,418.4,400.0,Usage exceeds allocation by 18.4
gb02,gs5098,0.0,10.0,Within the 10.0 KSU allocation per quarter
gb02,jd2435,0.0,10.0,Within the 10.0 KSU allocation per quarter
gb02,jl8556,190.3,300.0,Within the 300.0 KSU allocation per quarter
gb02,jma548,0.0,10.0,Within the 10.0 KSU allocation per quarter
gb02,jt0319,0.0,10.0,Within the 10.0 KSU allocation per quarter
gb02,lk5320,1.7,10.0,Within the 10.0 KSU allocation per quarter
gb02,lw5085,59.0,10.0,Usage exceeds allocation by 49.0
gb02,mh6543,40.1,10.0,Usage exceeds allocation by 30.1
gb02,mjl561,40.2,10.0,Usage exceeds allocation by 30.2
gb02,mm6452,42.7,10.0,Usage exceeds allocation by 32.7
gb02,mrd599,0.0,10.0,Within the 10.0 KSU allocation per quarter
gb02,ms5578,4.2,10.0,Within the 10.0 KSU allocation per quarter
gb02,mz4259,0.0,10.0,Within the 10.0 KSU allocation per quarter
gb02,nc3020,2.3,10.0,Within the 10.0 KSU allocation per quarter
gb02,nt4273,21.8,10.0,Usage exceeds allocation by 11.8
gb02,pag548,15.1,10.0,Usage exceeds allocation by 5.1
gb02,pc2687,54.0,10.0,Usage exceeds allocation by 44.0
gb02,qg8515,16.3,10.0,Usage exceeds allocation by 6.3
gb02,qo9901,75.2,100.0,Within the 100.0 KSU allocation per quarter
gb02,qr1706,0.2,10.0,Within the 10.0 KSU allocation per quarter
gb02,sc1326,3.1,10.0,Within the 10.0 KSU allocation per quarter
gb02,sc5932,2.5,10.0,Within the 10.0 KSU allocation per quarter
gb02,sd9490,0.2,10.0,Within the 10.0 KSU allocation per quarter
gb02,sg3790,0.6,10.0,Within the 10.0 KSU allocation per quarter
gb02,sg7549,12.5,10.0,Usage exceeds allocation by 2.5
gb02,sho561,0.2,10.0,Within the 10.0 KSU allocation per quarter
gb02,sl5165,382.5,300.0,Usage exceeds allocation by 82.5
gb02,sm5259,0.0,10.0,Within the 10.0 KSU allocation per quarter
gb02,ss0293,7.0,10.0,Within the 10.0 KSU allocation per quarter
gb02,sx4303,0.0,10.0,Within the 10.0 KSU allocation per quarter
gb02,sz2492,0.6,10.0,Within the 10.0 KSU allocation per quarter
gb02,wl0799,2.2,10.0,Within the 10.0 KSU allocation per quarter
gb02,ym7079,179.0,150.0,Usage exceeds allocation by 29.0
gb02,zz6006,0.3,10.0,Within the 10.0 KSU allocation per quarter
fy29,bw6466,64.3,10.0,Usage exceeds allocation by 54.3
fy29,cj0865,0.0,10.0,Within the 10.0 KSU allocation per quarter
fy29,hl7139,387.1,200.0,Usage exceeds allocation by 187.1
fy29,jma548,98.1,90.0,Usage exceeds allocation by 8.1
fy29,jt0319,0.0,10.0,Within the 10.0 KSU allocation per quarter
fy29,lk5320,116.7,200.0,Within the 200.0 KSU allocation per quarter
fy29,mf9078,2.0,10.0,Within the 10.0 KSU allocation per quarter
fy29,mjl561,0.0,10.0,Within the 10.0 KSU allocation per quarter
fy29,mn8773,0.0,10.0,Within the 10.0 KSU allocation per quarter
fy29,mxr581,8.4,10.0,Within the 10.0 KSU allocation per quarter
fy29,nc3020,0.4,10.0,Within the 10.0 KSU allocation per quarter
fy29,pc2687,18.4,10.0,Usage exceeds allocation by 8.4
fy29,qo9901,19.3,10.0,Usage exceeds allocation by 9.3
fy29,sd9490,130.2,200.0,Within the 200.0 KSU allocation per quarter
fy29,sho561,1.8,10.0,Within the 10.0 KSU allocation per quarter
fy29,sl0240,0.0,10.0,Within the 10.0 KSU allocation per quarter
fy29,sl5165,348.7,300.0,Usage exceeds allocation by 48.7
fy29,tp9488,8.7,10.0,Within the 10.0 KSU allocation per quarter
fy29,txs156,0.8,10.0,Within the 10.0 KSU allocation per quarter
fy29,wl0799,0.0,10.0,Within the 10.0 KSU allocation per quarter
fy29,yb4721,1.3,10.0,Within the 10.0 KSU allocation per quarter
fy29,yvh565,0.0,10.0,Within the 10.0 KSU allocation per quarter
if69,ab2313,0.4,10.0,Within the 10.0 KSU allocation per quarter
if69,ad5509,0.3,10.0,Within the 10.0 KSU allocation per quarter
if69,ah2717,0.9,10.0,Within the 10.0 KSU allocation per quarter
if69,bl6491,34.6,10.0,Usage exceeds allocation by 24.6
if69,bx1902,1.9,10.0,Within the 10.0 KSU allocation per quarter
if69,cb4968,6.5,10.0,Within the 10.0 KSU allocation per quarter
if69,cd3007,0.0,10.0,Within the 10.0 KSU allocation per quarter
if69,cj0591,144.6,130.0,Usage exceeds allocation by 14.6
if69,cm1405,0.0,10.0,Within the 10.0 KSU allocation per quarter
if69,cr7888,0.0,10.0,Within the 10.0 KSU allocation per quarter
if69,cxa561,2.9,10.0,Within the 10.0 KSU allocation per quarter
if69,dl6968,0.4,10.0,Within the 10.0 KSU allocation per quarter
if69,ef1645,0.2,10.0,Within the 10.0 KSU allocation per quarter
if69,ef7927,0.0,10.0,Within the 10.0 KSU allocation per quarter
if69,ft3359,0.4,10.0,Within the 10.0 KSU allocation per quarter
if69,gs5098,0.0,10.0,Within the 10.0 KSU allocation per quarter
if69,jn3312,0.9,10.0,Within the 10.0 KSU allocation per quarter
if69,lr0632,0.0,10.0,Within the 10.0 KSU allocation per quarter
if69,ls3248,0.1,10.0,Within the 10.0 KSU allocation per quarter
if69,mb0427,33.3,70.0,Within the 70.0 KSU allocation per quarter
if69,mm6452,4.3,10.0,Within the 10.0 KSU allocation per quarter
if69,mm7092,0.4,10.0,Within the 10.0 KSU allocation per quarter
if69,mr4682,47.5,30.0,Usage exceeds allocation by 17.5
if69,ms0476,0.2,10.0,Within the 10.0 KSU allocation per quarter
if69,pc2687,0.6,10.0,Within the 10.0 KSU allocation per quarter
if69,pd1739,0.1,10.0,Within the 10.0 KSU allocation per quarter
if69,qj2249,21.1,15.0,Usage exceeds allocation by 6.1
if69,qo9901,241.3,110.0,Usage exceeds allocation by 131.3
if69,qo9901,241.3,100.0,Usage exceeds allocation by 141.3
if69,qr1706,153.7,170.0,Within the 170.0 KSU allocation per quarter
if69,rk9077,18.7,10.0,Usage exceeds allocation by 8.7
if69,rq1991,49.2,50.0,Within the 50.0 KSU allocation per quarter
if69,sc1326,2.0,10.0,Within the 10.0 KSU allocation per quarter
if69,sm5259,0.2,10.0,Within the 10.0 KSU allocation per quarter
if69,td6427,49.3,50.0,Within the 50.0 KSU allocation per quarter
if69,tp4064,11.7,10.0,Usage exceeds allocation by 1.7
if69,yl8842,0.0,10.0,Within the 10.0 KSU allocation per quarter
if69,ym7079,112.3,10.0,Usage exceeds allocation by 102.3
ng72,ab4502,40.8,10.0,Usage exceeds allocation by 30.8
ng72,ag3979,0.0,10.0,Within the 10.0 KSU allocation per quarter
ng72,ajg565,0.0,10.0,Within the 10.0 KSU allocation per quarter
ng72,cd3007,50.2,50.0,Usage exceeds allocation by 0.2
ng72,cd3022,0.1,10.0,Within the 10.0 KSU allocation per quarter
ng72,cp9270,0.5,10.0,Within the 10.0 KSU allocation per quarter
ng72,cxh603,44.1,10.0,Usage exceeds allocation by 34.1
ng72,db5194,0.0,10.0,Within the 10.0 KSU allocation per quarter
ng72,df5659,1.3,10.0,Within the 10.0 KSU allocation per quarter
ng72,gp8431,63.8,10.0,Usage exceeds allocation by 53.8
ng72,hc0407,0.1,10.0,Within the 10.0 KSU allocation per quarter
ng72,jd2435,0.4,10.0,Within the 10.0 KSU allocation per quarter
ng72,js2535,4.2,100.0,Within the 100.0 KSU allocation per quarter
ng72,js5018,0.0,10.0,Within the 10.0 KSU allocation per quarter
ng72,jt0319,67.9,100.0,Within the 100.0 KSU allocation per quarter
ng72,kr2086,1.6,10.0,Within the 10.0 KSU allocation per quarter
ng72,lk5320,318.2,352.0,Within the 352.0 KSU allocation per quarter
ng72,mjl561,17.8,10.0,Usage exceeds allocation by 7.8
ng72,mm5133,0.0,10.0,Within the 10.0 KSU allocation per quarter
ng72,ms2920,0.0,10.0,Within the 10.0 KSU allocation per quarter
ng72,mt2233,0.2,10.0,Within the 10.0 KSU allocation per quarter
ng72,oa1927,534.3,500.0,Usage exceeds allocation by 34.3
ng72,oj9185,0.0,10.0,Within the 10.0 KSU allocation per quarter
ng72,pg1235,0.1,10.0,Within the 10.0 KSU allocation per quarter
ng72,pv3484,0.4,10.0,Within the 10.0 KSU allocation per quarter
ng72,ri9247,3.7,10.0,Within the 10.0 KSU allocation per quarter
ng72,sa8822,0.1,10.0,Within the 10.0 KSU allocation per quarter
ng72,sd9490,18.3,10.0,Usage exceeds allocation by 8.3
ng72,sk6139,3.2,10.0,Within the 10.0 KSU allocation per quarter
ng72,sz2492,0.8,10.0,Within the 10.0 KSU allocation per quarter
ng72,xw6141,12.3,10.0,Usage exceeds allocation by 2.3
ng72,yz1881,0.0,10.0,Within the 10.0 KSU allocation per quarter
ng72,zz6006,17.2,10.0,Usage exceeds allocation by 7.2
